ProductID,ProductName,CityCodeID,CityCode,CityName,DataTypeID,UnitID,Unit,Y1995,Y1996,Y1997,Y1998,Y1999,Y2000,Y2001,Y2002,Y2003,Y2004,Y2005,Y2006,Y2007,Y2008,Y2009,Y2010,Y2011,Y2012,Y2013,Y2014,Y2015,Y2016,Y2017,Y2018,Y2019,Y2020,Y2021,Y2022,Y2023,Y2024,Y2025,Y2026,Y2027,Y2028,Y2029,Y2030,Y2031,Y2032,Y2033,Y2034,Y2035,Y2036,Y2037,Y2038,Y2039,Y2040
2666,Passenger Cars in Use,757,AJ01,Baku,103,72,'000,,,,,,,,,,,231.58,290.33,342.39,431.046,472.458,518.205,562.69,609.426,643.155,678.984,,,,,,,,,,,,,,,,,,,,,,,,,,
2666,Passenger Cars in Use,769,AR01,Buenos Aires,103,72,'000,,,,,,,,,,,3427.058604,3373.907293,3508.57883,3648.242608,3135.9757,3282.07238,3467.171331,3651.255,3859.401032,4011.173,,,,,,,,,,,,,,,,,,,,,,,,,,
2666,Passenger Cars in Use,783,AT01,Vienna,103,72,'000,,,,,,,,,,,1280.861207,1292.39895,1302.377039,1312.323001,1329.959,1350.662,1368.218,1384.193,1396.25,1416.984,,,,,,,,,,,,,,,,,,,,,,,,,,
2666,Passenger Cars in Use,789,AU01,Sydney,103,72,'000,,,,,,,,,,,2095.133,2127.762,2160.728,2215.195,2228.791,2271.375,2313.729,2342.101,2396.836,2440.179,,,,,,,,,,,,,,,,,,,,,,,,,,
2666,Passenger Cars in Use,790,AU02,Melbourne,103,72,'000,,,,,,,,,,,2135.415,2190.513,2263.468,2322.296,2368.987,2432.559,2485.285,2528.001,2602.995,2662.884,,,,,,,,,,,,,,,,,,,,,,,,,,
2666,Passenger Cars in Use,798,BE01,Antwerp,103,72,'000,,,,,,,,,,,590,598,606.59,619.31,627.967,636.442,656.33,661.881,668.606,676.488,,,,,,,,,,,,,,,,,,,,,,,,,,
2666,Passenger Cars in Use,799,BE02,Brussels,103,72,'000,,,,,,,,,,,1199,1209,1220.724,1242.087,1251.09,1269.748,1304.057,1321.316,1334.289,1347.276,,,,,,,,,,,,,,,,,,,,,,,,,,
2666,Passenger Cars in Use,806,BH01,Manama,103,72,'000,,,,,,,,,,,173.6148306,187.2240871,203.7064941,221.5164793,238.0157254,250.632008,262.4475141,276.5025248,300.7763022,338.1769186,,,,,,,,,,,,,,,,,,,,,,,,,,
2666,Passenger Cars in Use,807,BL01,Minsk,103,72,'000,,,,,,,,,,,407.145,438.858,479.271,511.578,553.968,582.673,622.457,610.75,621.436,635.226,,,,,,,,,,,,,,,,,,,,,,,,,,
2666,Passenger Cars in Use,815,BR01,São Paulo,103,72,'000,,,,,,,,,,,4966.921,5237.204,5576.424,5949.174,6307.989,6625.901,6927.034,7563.985,7883.635,8239.186,,,,,,,,,,,,,,,,,,,,,,,,,,
2666,Passenger Cars in Use,816,BR02,Rio de Janeiro,103,72,'000,,,,,,,,,,,1848.278,1913.408,2005.759,2109.789,2236.843,2370.155,2507.336,2681.332,2863.879,2988.866,,,,,,,,,,,,,,,,,,,,,,,,,,
2666,Passenger Cars in Use,817,BR03,Salvador,103,72,'000,,,,,,,,,,,374.57,401.296,431.34,463.424,501.894,540.466,575.135,609.046,648.134,690.594,,,,,,,,,,,,,,,,,,,,,,,,,,
2666,Passenger Cars in Use,841,BS01,Sarajevo,103,72,'000,,,,,,,,,,,76.09,82.035,87.604,106.593,105.134,104.414,105.606,109.333,110.202,115.678,,,,,,,,,,,,,,,,,,,,,,,,,,
2666,Passenger Cars in Use,843,BU01,Sofia,103,72,'000,,,,,,,,,,,519,371,437,496,523,540,565,587,592.685,605.341,,,,,,,,,,,,,,,,,,,,,,,,,,
2666,Passenger Cars in Use,850,BV01,Santa Cruz,103,72,'000,,,,,,,,,,,34.655,36.872,41.545,47.626,50.456,53.115,56.716,58.803,64.813,67.265,,,,,,,,,,,,,,,,,,,,,,,,,,
2666,Passenger Cars in Use,857,CA01,Toronto,103,72,'000,,,,,,,,,,,1655,1688,1639,1663,1730,1833,1865.129,1906.203,1957.548,2007.016,,,,,,,,,,,,,,,,,,,,,,,,,,
2666,Passenger Cars in Use,858,CA02,Montreal,103,72,'000,,,,,,,,,,,1178,1225,1202,1217,1274,1325,1339,1287,1367,1386.401,,,,,,,,,,,,,,,,,,,,,,,,,,
2666,Passenger Cars in Use,859,CA03,Vancouver,103,72,'000,,,,,,,,,,,1020.705,1031.698,1046.669,1052.608,1074.352811,1076.235,1087.867,1102.342,1114.871,1123.514,,,,,,,,,,,,,,,,,,,,,,,,,,
2666,Passenger Cars in Use,871,CH01,Zurich,103,72,'000,,,,,,,,,,,718.203,726.719,744.483,736.813,730.587,742.63,756.514,770.844,779.544,792.596,,,,,,,,,,,,,,,,,,,,,,,,,,
2666,Passenger Cars in Use,872,CH02,Geneva,103,72,'000,,,,,,,,,,,217.487,216.521,216.438,216.596,213.628,214.444,217.172,219.066,218.703,221.422,,,,,,,,,,,,,,,,,,,,,,,,,,
2666,Passenger Cars in Use,878,CL01,Santiago,103,72,'000,,,,,,,,,,,718.676,773.456,819.312,867.751,894.293,954.206,1038.34,1117.073,1192.35,1270.161,,,,,,,,,,,,,,,,,,,,,,,,,,
2666,Passenger Cars in Use,886,CN20,Shanghai,103,72,'000,,,,,,,,,,,583.694,676.122,776.714,877.659,1000.111,1115.2,1246.2,1402,1558.2,1750.876,,,,,,,,,,,,,,,,,,,,,,,,,,
2666,Passenger Cars in Use,887,CN21,Beijing,103,72,'000,,,,,,,,,,,2211.772,2508.005,2844.515,3247.444,3787.591,4595.646,5356.646,6106.646,6881.27,7639.483,,,,,,,,,,,,,,,,,,,,,,,,,,
2666,Passenger Cars in Use,888,CN22,Guangzhou,103,72,'000,,,,,,,,,,,566.792,684.758,835.808,969.078,1131.335,1364.816,1604.893,1773.925,2042.920036,2335.764784,,,,,,,,,,,,,,,,,,,,,,,,,,
2666,Passenger Cars in Use,889,CN23,Tianjin,103,72,'000,,,,,,,,,,,574.596,680.151,805.969,949.087,1152.388,1408.336,1710.465,2004.959,2143.655,2417.751,,,,,,,,,,,,,,,,,,,,,,,,,,
2666,Passenger Cars in Use,890,CN24,Wuhan,103,72,'000,,,,,,,,,,,266.995,306.103,361.693,428.359,532.768,652.936,789.819,941.219,1153.403,1350.579,,,,,,,,,,,,,,,,,,,,,,,,,,
2666,Passenger Cars in Use,891,CN25,Shenzhen,103,72,'000,,,,,,,,,,,583.694,728.966,886.517,1030.589,1188.379,1413.786,1660.778,1916.568,2078.156105,2446.721908,,,,,,,,,,,,,,,,,,,,,,,,,,
2666,Passenger Cars in Use,947,CO01,Bogota,103,72,'000,,,,,,,,,,,297.367,322.927,348.522,378.197,401.584,424.158,459.146,496.862,527.84,559.614,,,,,,,,,,,,,,,,,,,,,,,,,,
2666,Passenger Cars in Use,957,CR01,Zagreb,103,72,'000,,,,,,,,,,,386.828,405.954,427.196,444.133,444.067,439.022,437.088,392.937,390.475,395.675,,,,,,,,,,,,,,,,,,,,,,,,,,
2666,Passenger Cars in Use,960,CS01,Prague,103,72,'000,,,,,,,,,,,1090.006,1123.888,1162.36,1195.297,1202.954,1228.045,1262.521,1308.119,1309.707,1335.367,,,,,,,,,,,,,,,,,,,,,,,,,,
2666,Passenger Cars in Use,965,DE01,Berlin,103,72,'000,,,,,,,,,,,2131.999,2147.213,1908.72,1910.003,1939.477,1965.106,1972.478,2011.302,2023.47,2062.227,,,,,,,,,,,,,,,,,,,,,,,,,,
2666,Passenger Cars in Use,966,DE02,Hamburg,103,72,'000,,,,,,,,,,,1684.069,1687.427,1472.361,1474.227,1489.331,1512.184,1523.607,1549.141,1564.204,1587.162,,,,,,,,,,,,,,,,,,,,,,,,,,
2666,Passenger Cars in Use,967,DE03,Munich,103,72,'000,,,,,,,,,,,1641.061,1678.331,1449.518,1460.436,1470.599,1473.271,1485.002,1471.575,1494.537,1505.344,,,,,,,,,,,,,,,,,,,,,,,,,,
2666,Passenger Cars in Use,969,DE05,Frankfurt am Main,103,72,'000,,,,,,,,,,,1523.017,1538.307,1555.023,1430.412,1431.567,1449.018,1474.213,1517.955,1526.974,1556.455,,,,,,,,,,,,,,,,,,,,,,,,,,
2666,Passenger Cars in Use,990,DK01,Copenhagen,103,72,'000,,,,,,,,,,,542.416,551.414,566.198,573.35,573.89,583.052,589.11,599.932,614.5,622.67,,,,,,,,,,,,,,,,,,,,,,,,,,
2666,Passenger Cars in Use,995,DR01,Santo Domingo,103,72,'000,,,,,,,,,,,414,442,476,511,534,559,584.37,601.924,619.263,646.209,,,,,,,,,,,,,,,,,,,,,,,,,,
2666,Passenger Cars in Use,1002,EC01,Guayaquil,103,72,'000,,,,,,,,,,,94.686,106.999,112.096,112.997,113.887,140.196,167.273,171.079,196.147,207.861,,,,,,,,,,,,,,,,,,,,,,,,,,
2666,Passenger Cars in Use,1003,EC02,Quito,103,72,'000,,,,,,,,,,,159.286,165.64,151.99,170.489,129.903,161.184,154.238,211.864,235.501,253.0884523,,,,,,,,,,,,,,,,,,,,,,,,,,
2666,Passenger Cars in Use,1011,EG01,Cairo,103,72,'000,,,,,,,,,,,1442.607,1538.693,1641.142,1722.06,1875.739,2074.053,2043.98,2170,2216,2264,,,,,,,,,,,,,,,,,,,,,,,,,,
2666,Passenger Cars in Use,1019,ES01,Madrid,103,72,'000,,,,,,,,,,,3100.553,3101.068,3326.579,3375.924,3277.367,3297.22,3321.62,3291.037,3313.817,3339.13,,,,,,,,,,,,,,,,,,,,,,,,,,
2666,Passenger Cars in Use,1020,ES02,Barcelona,103,72,'000,,,,,,,,,,,2314.85,2311.816,2396.656,2418.96,2393.478,2398,2402.574,2393.017,2380.852,2389.72,,,,,,,,,,,,,,,,,,,,,,,,,,
2666,Passenger Cars in Use,1034,ET01,Tallinn,103,72,'000,,,,,,,,,,,209.693,234.434,234.041,185.06,178.211,196.802,218.388,237.152,254.222,273.95,,,,,,,,,,,,,,,,,,,,,,,,,,
2666,Passenger Cars in Use,1036,FI01,Helsinki,103,72,'000,,,,,,,,,,,616.657,637.916,635.226,632.722,630.927,641.405,655.605,661.824,666.939,678.827,,,,,,,,,,,,,,,,,,,,,,,,,,
2666,Passenger Cars in Use,1044,FR01,Paris,103,72,'000,,,,,,,,,,,5067,4986,5003,4875,4873,4765,4716,4774.49,4713.935,4691.714,,,,,,,,,,,,,,,,,,,,,,,,,,
2666,Passenger Cars in Use,1045,FR02,Marseille,103,72,'000,,,,,,,,,,,931,945,957,949,961,968,970.222,967.857,968.05,969.799,,,,,,,,,,,,,,,,,,,,,,,,,,
2666,Passenger Cars in Use,1046,FR03,Lyon,103,72,'000,,,,,,,,,,,803,821,838,832,844,856,867.648,872.375,880.377,887.284,,,,,,,,,,,,,,,,,,,,,,,,,,
2666,Passenger Cars in Use,1069,GB01,Glasgow,103,72,'000,,,,,,,,,,,578,583,595,603,612,612,612,618,629,629.282,,,,,,,,,,,,,,,,,,,,,,,,,,
2666,Passenger Cars in Use,1070,GB02,Leeds,103,72,'000,,,,,,,,,,,881.313,882.667,907.447,928.496,921.581,922.701,926.563,932.874,913.61,919.737,,,,,,,,,,,,,,,,,,,,,,,,,,
2666,Passenger Cars in Use,1071,GB03,London,103,72,'000,,,,,,,,,,,6229.951,6240.665,6294.277,6342.164,6333.317,6369.804,6376.825,6423.767,6500.339,6765.827,,,,,,,,,,,,,,,,,,,,,,,,,,
2666,Passenger Cars in Use,1072,GB04,Birmingham,103,72,'000,,,,,,,,,,,1577,1524,1542,1553,1535,1563,1635,1626,1597,1659.408,,,,,,,,,,,,,,,,,,,,,,,,,,
2666,Passenger Cars in Use,1073,GB05,Manchester,103,72,'000,,,,,,,,,,,1158.708,1197.224,1134.047,1131.191,1119.712,1108.406,1069.562,1069.3,1085.178,1161.605,,,,,,,,,,,,,,,,,,,,,,,,,,
2666,Passenger Cars in Use,1087,GG01,Tbilisi,103,72,'000,,,,,,,,,,,120,145,161,180,193,207,223,239,257.384,276.446,,,,,,,,,,,,,,,,,,,,,,,,,,
2666,Passenger Cars in Use,1091,GR01,Athens,103,72,'000,,,,,,,,,,,2260.844,2390.87,2527.074,2646.081,2712.832,2756.062,2745.87273,2724.681094,2699.628699,2683.668346,,,,,,,,,,,,,,,,,,,,,,,,,,
2666,Passenger Cars in Use,1095,GT01,Guatemala City,103,72,'000,,,,,,,,,,,194,215,238,250,260,268,277,297,307,322.96,,,,,,,,,,,,,,,,,,,,,,,,,,
2666,Passenger Cars in Use,1099,HU01,Budapest,103,72,'000,,,,,,,,,,,979.798,990.006,1009.561,1023.11,1003.73,991.325,984.712,987.67,1007.828,1015.979,,,,,,,,,,,,,,,,,,,,,,,,,,
2666,Passenger Cars in Use,1108,ID01,Jakarta,103,72,'000,,,,,,,,,,,1263.405,1554.197,1796.956,2025.985,2104.502,2451.297,2668.25,2952.101,3250.224,3608.969,,,,,,,,,,,,,,,,,,,,,,,,,,
2666,Passenger Cars in Use,1124,IE01,Dublin,103,72,'000,,,,,,,,,,,646.732,689.721,733.498,749.307,739.413,725.561,729.282,729.37,736.216,754.137,,,,,,,,,,,,,,,,,,,,,,,,,,
2666,Passenger Cars in Use,1128,IN20,Mumbai,103,72,'000,,,,,,,,,,,806.322,845.164,882.539,926.78,953.424,1004.075,1060.184,1147.79,1201.349,1266.012,,,,,,,,,,,,,,,,,,,,,,,,,,
2666,Passenger Cars in Use,1129,IN21,Delhi,103,72,'000,,,,,,,,,,,1487.334,1614.83,1760.399,1899.442,2058.92,2231.281,2412.893,2544.422,2708.029,2859.612,,,,,,,,,,,,,,,,,,,,,,,,,,
2666,Passenger Cars in Use,1130,IN22,Bangalore ,103,72,'000,,,,,,,,,,,438.581,518.094,512.348,745.972,819.947,955.514,1061.219,1191.646,1226.821,1370.792,,,,,,,,,,,,,,,,,,,,,,,,,,
2666,Passenger Cars in Use,1131,IN23,Kolkata,103,72,'000,,,,,,,,,,,1635.113,1736.634,1842.594,1484.862,1544.63,970.343,1054.889,1182.427,1271.471,1375.161,,,,,,,,,,,,,,,,,,,,,,,,,,
2666,Passenger Cars in Use,1163,IR01,Tehran,103,72,'000,,,,,,,,,,,3293,3263.68,3364.2,3268.8,3947.98,3436.5,3388.53,2609.47,2520.12,2499,,,,,,,,,,,,,,,,,,,,,,,,,,
2666,Passenger Cars in Use,1171,IS01,Jerusalem,103,72,'000,,,,,,,,,,,137.958,141.04,146.484,150.866,160.154,167.199,173.576,180.572,186.928,196,,,,,,,,,,,,,,,,,,,,,,,,,,
2666,Passenger Cars in Use,1172,IS02,Tel Aviv,103,72,'000,,,,,,,,,,,960.6,999.093,1056.887,1113.638,1146.691,1208.553,1266.626,1304.605,1356.329,1420,,,,,,,,,,,,,,,,,,,,,,,,,,
2666,Passenger Cars in Use,1177,IT01,Rome,103,72,'000,,,,,,,,,,,2645.333,2712.908,2751.498,2808.841,2807.854,2817.878,2854.421,2769.578,2713.799,2685.276,,,,,,,,,,,,,,,,,,,,,,,,,,
2666,Passenger Cars in Use,1178,IT02,Milan,103,72,'000,,,,,,,,,,,2601.339,2612.923,2606.774,2617.212,2624.813,2660.39,2688.602,2680.658,2667.03,2655.19,,,,,,,,,,,,,,,,,,,,,,,,,,
2666,Passenger Cars in Use,1194,JO01,Amman,103,72,'000,,,,,,,,,,,346.063,390.015,435.766,483.307,542.392,561.447,667.515,725.311,762.571,836.934,,,,,,,,,,,,,,,,,,,,,,,,,,
2666,Passenger Cars in Use,1204,JP01,Tokyo,103,72,'000,,,,,,,,,,,12733,12737,12758,12747,12760,12765,12841,12928,13042,13100.677,,,,,,,,,,,,,,,,,,,,,,,,,,
2666,Passenger Cars in Use,1205,JP02,Osaka,103,72,'000,,,,,,,,,,,7098,7100,7050,7045,7034,7041,7092,7145,7210,7235.939,,,,,,,,,,,,,,,,,,,,,,,,,,
2666,Passenger Cars in Use,1206,JP03,Nagoya,103,72,'000,,,,,,,,,,,4769,4809,4829,4852,4878,4898,4956,5008,5071,5134.576,,,,,,,,,,,,,,,,,,,,,,,,,,
2666,Passenger Cars in Use,1214,KK01,Almaty,103,72,'000,,,,,,,,,,,255,341,450,454,464,448,526,499,505,528,,,,,,,,,,,,,,,,,,,,,,,,,,
2666,Passenger Cars in Use,1224,KR01,Seoul,103,72,'000,,,,,,,,,,,5385.68,5598.983,5828.527,5965.863,6135.943,6371.911,6553.996,6825.059,6942.456,7187.36,,,,,,,,,,,,,,,,,,,,,,,,,,
2666,Passenger Cars in Use,1235,KW01,Kuwait City,103,72,'000,,,,,,,,,,,808.164,846.967,890.543,902.826,944.852,976.522,1003.00701,1065.045143,1127.602,1191.252,,,,,,,,,,,,,,,,,,,,,,,,,,
2666,Passenger Cars in Use,1236,KY01,Nairobi,103,72,'000,,,,,,,,,,,26.748,30.281,33.392,36.589,40.616,44.982,48.116,52.412,56,60,,,,,,,,,,,,,,,,,,,,,,,,,,
2666,Passenger Cars in Use,1242,LA01,Riga,103,72,'000,,,,,,,,,,,378.312,419.084,459.641,468.378,451.581,324.284,319.54,310.665,325.333,331.3442153,,,,,,,,,,,,,,,,,,,,,,,,,,
2666,Passenger Cars in Use,1245,LT01,Vilnius,103,72,'000,,,,,,,,,,,383.15,422.635,438.756,464.443,465.196,458.603,465.105,479.194,493.801,506.267,,,,,,,,,,,,,,,,,,,,,,,,,,
2666,Passenger Cars in Use,1250,MD01,Skopje,103,72,'000,,,,,,,,,,,109.377,100.838,105.898,117.082,121.88,130.703,124.885,122.4,128.788,135.472,,,,,,,,,,,,,,,,,,,,,,,,,,
2666,Passenger Cars in Use,1252,MO01,Casablanca,103,72,'000,,,,,,,,,,,533.8142246,556.6140757,587.5223234,615.9121153,647.3281117,675.8101991,715.0385995,752.7502087,789.7887996,825.6135987,,,,,,,,,,,,,,,,,,,,,,,,,,
2666,Passenger Cars in Use,1262,MX01,Mexico City,103,72,'000,,,,,,,,,,,3449.065,4204.51,4529.46,5249.593,5623.853,5971.422,6541.699,7068.15,7495.069,8011.021,,,,,,,,,,,,,,,,,,,,,,,,,,
2666,Passenger Cars in Use,1274,MY01,Kuala Lumpur,103,72,'000,,,,,,,,,,,2369.953,2537.807,2758.728,2960.239,3156.519,3382.033,3611.154,3847.304,3582.515,4005.043,,,,,,,,,,,,,,,,,,,,,,,,,,
2666,Passenger Cars in Use,1282,NG01,Lagos,103,72,'000,,,,,,,,,,,592.478,632.325,714.522,829.896,981.384,1095.087,1198.21,1325.165,1406.373919,1505.97615,,,,,,,,,,,,,,,,,,,,,,,,,,
2666,Passenger Cars in Use,1292,NL01,Amsterdam,103,72,'000,,,,,,,,,,,491.787,499.915,509.093,538.329,543.511,538.505,538.874,541.019,546.139,554.504,,,,,,,,,,,,,,,,,,,,,,,,,,
2666,Passenger Cars in Use,1293,NL02,Rotterdam,103,72,'000,,,,,,,,,,,564.328,553.268,545.398,535.519,533.768,542,551,550,559.052,567.779,,,,,,,,,,,,,,,,,,,,,,,,,,
2666,Passenger Cars in Use,1302,NO01,Oslo,103,72,'000,,,,,,,,,,,443.774,459.391,474.306,481.701,489.534,517.241,537.178,556.175,563.431,589.629,,,,,,,,,,,,,,,,,,,,,,,,,,
2666,Passenger Cars in Use,1308,NZ01,Auckland,103,72,'000,,,,,,,,,,,769.247,783.706,801.501,807.914,810.28,824.443,830.072,841.889,867.453,875.45,,,,,,,,,,,,,,,,,,,,,,,,,,
2666,Passenger Cars in Use,1315,OO01,Douala,103,72,'000,,,,,,,,,,,21.699,22.865,24.04,25.554,26.685,28.27,29.84,31.492,33.375,35.52,,,,,,,,,,,,,,,,,,,,,,,,,,
2666,Passenger Cars in Use,1322,PH01,Manila,103,72,'000,,,,,,,,,,,771,757,736,728,756,799,811,803,865.245,903.861,,,,,,,,,,,,,,,,,,,,,,,,,,
2666,Passenger Cars in Use,1333,PK01,Karachi,103,72,'000,,,,,,,,,,,717.847,806.755,887.26,916.28,944.119,966.358,993.903,982.455,1028.108,1072.253,,,,,,,,,,,,,,,,,,,,,,,,,,
2666,Passenger Cars in Use,1343,PL01,Warsaw,103,72,'000,,,,,,,,,,,1222,1334,1466,1616,1618.459,1674.877,1754.274,1816.817,1884.899,1947.616,,,,,,,,,,,,,,,,,,,,,,,,,,
2666,Passenger Cars in Use,1360,PT01,Lisbon,103,72,'000,,,,,,,,,,,770,834,882,932,985.881,1015.699,1024,1031.709,1065.341,1101.822,,,,,,,,,,,,,,,,,,,,,,,,,,
2666,Passenger Cars in Use,1365,PU01,Lima,103,72,'000,,,,,,,,,,,497,514,536,569,600,636,746,843.44,937.529,1031.044,,,,,,,,,,,,,,,,,,,,,,,,,,
2666,Passenger Cars in Use,1377,QT01,Doha,103,72,'000,,,,,,,,,,,236.828,271.777,332.916,367.997,385.332,407.755,433.222,473.335,516.791,562.715,,,,,,,,,,,,,,,,,,,,,,,,,,
2666,Passenger Cars in Use,1378,RI01,San Jose,103,72,'000,,,,,,,,,,,266.391,274.107,292.104,314.092,323.994,340.512,362.307,354.837,361.166,367.98,,,,,,,,,,,,,,,,,,,,,,,,,,
2666,Passenger Cars in Use,1379,RO01,Bucharest,103,72,'000,,,,,,,,,,,688.685,780.9,877.548,993.911,988.847,941.084,906.292,977.2,1003.898,1036.668,,,,,,,,,,,,,,,,,,,,,,,,,,
2666,Passenger Cars in Use,1389,RS01,Belgrade,103,72,'000,,,,,,,,,,,386.856,397.843,419.056,436.053,473.934,472.263,473.399,479.6,494.633,493.51,,,,,,,,,,,,,,,,,,,,,,,,,,
2666,Passenger Cars in Use,345,RU01,Moscow,103,72,'000,,,,,,,,,,,4099.098,4402.673,4731.86,5087.358,5401.131,5657.701,6008,6361.232,6747.65,7141.263,,,,,,,,,,,,,,,,,,,,,,,,,,
2666,Passenger Cars in Use,346,RU02,Saint Petersburg,103,72,'000,,,,,,,,,,,991,1037,1144,1246,1287,1336,1430.769,1537.093,1640.525,1753.778,,,,,,,,,,,,,,,,,,,,,,,,,,
2666,Passenger Cars in Use,1394,RU03,Novosibirsk,103,72,'000,,,,,,,,,,,475,484,493,502,511,521,529.205,543.254,556.997,568.875,,,,,,,,,,,,,,,,,,,,,,,,,,
2666,Passenger Cars in Use,1418,SA01,Riyadh,103,72,'000,,,,,,,,,,,2172.725,2293.618,2343.857,2451.798,2524.233,2568.875,2617.543,2635.532161,2654,2663,,,,,,,,,,,,,,,,,,,,,,,,,,
2666,Passenger Cars in Use,1431,SE01,Stockholm,103,72,'000,,,,,,,,,,,759.096,768.957,783.417,791.07,792.583,800.534,817.554,829.469,841.954,861.457,,,,,,,,,,,,,,,,,,,,,,,,,,
2666,Passenger Cars in Use,1432,SE02,Gothenburg,103,72,'000,,,,,,,,,,,365,371,374,371,369,372,379,383.217,383.989,389.325,,,,,,,,,,,,,,,,,,,,,,,,,,
2666,Passenger Cars in Use,1441,SK01,Bratislava,103,72,'000,,,,,,,,,,,236.411,238.256,252.162,267.915,273.922,288.243,303.519,318.355,328.908,342.282,,,,,,,,,,,,,,,,,,,,,,,,,,
2666,Passenger Cars in Use,1447,SV01,Ljubljana,103,72,'000,,,,,,,,,,,255.887,261.681,270.842,279.232,282.863,282.555,282.695,282.887,282.016,282.68,,,,,,,,,,,,,,,,,,,,,,,,,,
2666,Passenger Cars in Use,1449,TH01,Bangkok,103,72,'000,,,,,,,,,,,2298.685,2161.685,2252.999,2393.597,2550.198,2714.8,3089.156,3585.822,4150.671,4523.534,,,,,,,,,,,,,,,,,,,,,,,,,,
2666,Passenger Cars in Use,1464,TR01,Istanbul,103,72,'000,,,,,,,,,,,1590.283,1657.32,1711.773,1758.745,1775.335,1821.694,1907.782,2009.777,2146.257,2231.425,,,,,,,,,,,,,,,,,,,,,,,,,,
2666,Passenger Cars in Use,1465,TR02,Ankara,103,72,'000,,,,,,,,,,,738.96,783.198,820.355,854.691,887.703,924.36,986.688,1035.719,1093.843,1136,,,,,,,,,,,,,,,,,,,,,,,,,,
2666,Passenger Cars in Use,1480,TU01,Tunis,103,72,'000,,,,,,,,,,,233.831,250.128,264.015,296.249,327.172,355.276,359.891,385,410,438,,,,,,,,,,,,,,,,,,,,,,,,,,
2666,Passenger Cars in Use,1487,TW01,Taipei,103,72,'000,,,,,,,,,,,1505.946,1515.465,1508.319,1492.646,1492.197,1513.401,1549.331,1574.872,1476.915,1533.769,,,,,,,,,,,,,,,,,,,,,,,,,,
2666,Passenger Cars in Use,1493,UA01,Dubai,103,72,'000,,,,,,,,,,,705.538,815.831,903.231,1036.289,1096.517,1160.201,1262.694,1365,1487,1573,,,,,,,,,,,,,,,,,,,,,,,,,,
2666,Passenger Cars in Use,1494,UA02,Abu Dhabi,103,72,'000,,,,,,,,,,,189.484,193.553,248.047,335.433,408.699,454.958,482.889,509.279,551.859,588.519,,,,,,,,,,,,,,,,,,,,,,,,,,
2666,Passenger Cars in Use,1499,UK01,Kiev,103,72,'000,,,,,,,,,,,484.2,532.7,595.8,663.7,703.7,708.7,652.9,692.25,723.804,749.742,,,,,,,,,,,,,,,,,,,,,,,,,,
2666,Passenger Cars in Use,1513,US20,New York,103,72,'000,,,,,,,,,,,8015.743,7854.656,7948.924,7969.512,7812.426,8104.047,8432.092,8138.809,8433.521,8377.236,,,,,,,,,,,,,,,,,,,,,,,,,,
2666,Passenger Cars in Use,1514,US21,Los Angeles,103,72,'000,,,,,,,,,,,6602.451,6663.812,6657.203,6708.801,6833.087,6991.62,7270.495,7887.638,8130.029,7893.256,,,,,,,,,,,,,,,,,,,,,,,,,,
2666,Passenger Cars in Use,1515,US22,Chicago,103,72,'000,,,,,,,,,,,3573.988,4234.545,4361.191,4377.913,4347.352,4322.392,4340.117,4323.855,4309.816,4303.289,,,,,,,,,,,,,,,,,,,,,,,,,,
2666,Passenger Cars in Use,1516,US23,Houston,103,72,'000,,,,,,,,,,,3595.816,3659.217,3727.869,3804.826,3842.699,3903.996,3862.404,3462.793,3452.028,3420.455,,,,,,,,,,,,,,,,,,,,,,,,,,
2666,Passenger Cars in Use,1517,US24,Phoenix,103,72,'000,,,,,,,,,,,2584.609,2621.231,2709.296,2734.011,2710.363,2690.947,2574.118,2263.962,2188.082,2133.778,,,,,,,,,,,,,,,,,,,,,,,,,,
2666,Passenger Cars in Use,1518,US25,Philadelphia,103,72,'000,,,,,,,,,,,2847.122,2795.59,2834.242,2829.231,2433.719,2852.338,2930.113,2852.247,2916.23,2886.815,,,,,,,,,,,,,,,,,,,,,,,,,,
2666,Passenger Cars in Use,1523,US30,San Francisco,103,72,'000,,,,,,,,,,,2770.405,2750.273,2744.85,2749.43,2757.221,2685.483,2559.196,2804.745,2897.784,2825.219,,,,,,,,,,,,,,,,,,,,,,,,,,
2666,Passenger Cars in Use,1533,US40,Boston,103,72,'000,,,,,,,,,,,2333.64,2276.376,2272.892,2249.785,2178.46,2182.079,2196.857,1744.852,1862.265,1624.131,,,,,,,,,,,,,,,,,,,,,,,,,,
2666,Passenger Cars in Use,1535,US42,Washington,103,72,'000,,,,,,,,,,,2634.246,2603.129,2572.445,2557.666,2510.513,2397.198,2572.377,2217.296,2322.414,2261.922,,,,,,,,,,,,,,,,,,,,,,,,,,
2666,Passenger Cars in Use,1549,US56,Miami,103,72,'000,,,,,,,,,,,3571.585,3575.458,3564.848,3619.984,3595.624,3599.624,3712.377,3643.375,3713.134,3718.283,,,,,,,,,,,,,,,,,,,,,,,,,,
2666,Passenger Cars in Use,1558,UY01,Montevideo,103,72,'000,,,,,,,,,,,263.673,269.605,282.527,281.959,295.376,301.002,323.732,342.873,362.389,382.226,,,,,,,,,,,,,,,,,,,,,,,,,,
2666,Passenger Cars in Use,1569,VE01,Caracas,103,72,'000,,,,,,,,,,,899.571,970.579,1097.141,1295.705,1314.513,1351.134,1370.46,1454.622,1495.421,1517.086,,,,,,,,,,,,,,,,,,,,,,,,,,
2666,Passenger Cars in Use,1591,ZA01,Johannesburg,103,72,'000,,,,,,,,,,,705.583,764.866,801.968,828.613,859.228,921.173,953,1016,1073,1128,,,,,,,,,,,,,,,,,,,,,,,,,,
2666,Passenger Cars in Use,1592,ZA02,Cape Town,103,72,'000,,,,,,,,,,,571.506,613.631,624.859,646.086,664.807,700.245,711,746,772,797,,,,,,,,,,,,,,,,,,,,,,,,,,
2667,Commercial Vehicles in Use,757,AJ01,Baku,103,72,'000,,,,,,,,,,,39,49,58,68.605,73.586,76.322,81.194,88.143,88.228,91.246,,,,,,,,,,,,,,,,,,,,,,,,,,
2667,Commercial Vehicles in Use,769,AR01,Buenos Aires,103,72,'000,,,,,,,,,,,1163.103063,1172.155586,1217.773053,1273.481593,1051.716276,1083.666502,1127.910374,1173.21219,1230.341212,1278.439,,,,,,,,,,,,,,,,,,,,,,,,,,
2667,Commercial Vehicles in Use,783,AT01,Vienna,103,72,'000,,,,,,,,,,,184.0599183,186.1488742,188.6329192,191.2453269,193.332,195.942,199.144,201.891,204.63,207.762,,,,,,,,,,,,,,,,,,,,,,,,,,
2667,Commercial Vehicles in Use,789,AU01,Sydney,103,72,'000,,,,,,,,,,,332.282,336.452,338.849,343.493,345.664,355.408,362.02,369.031,383.199,394.559,,,,,,,,,,,,,,,,,,,,,,,,,,
2667,Commercial Vehicles in Use,790,AU02,Melbourne,103,72,'000,,,,,,,,,,,317.308,330.943,351.451,365.397,377.866,395.151,409.831,422.987,451.391,472.35,,,,,,,,,,,,,,,,,,,,,,,,,,
2667,Commercial Vehicles in Use,798,BE01,Antwerp,103,72,'000,,,,,,,,,,,83,85,87.758,90.784,92.515,93.672,95.134,98.997,100.421,102.026,,,,,,,,,,,,,,,,,,,,,,,,,,
2667,Commercial Vehicles in Use,799,BE02,Brussels,103,72,'000,,,,,,,,,,,160,161,162.743,166.745,167.94,169.716,174.407,177.644,179.546,181.375,,,,,,,,,,,,,,,,,,,,,,,,,,
2667,Commercial Vehicles in Use,806,BH01,Manama,103,72,'000,,,,,,,,,,,35.73643471,38.86196133,43.06205315,48.17020493,51.96149845,54.7274647,57.35216778,60.25507361,60.34701719,65.59391308,,,,,,,,,,,,,,,,,,,,,,,,,,
2667,Commercial Vehicles in Use,807,BL01,Minsk,103,72,'000,,,,,,,,,,,54.583,55.999,57.149,62.652,64.214,65.532,64.97,71.6,68.139,68.803,,,,,,,,,,,,,,,,,,,,,,,,,,
2667,Commercial Vehicles in Use,815,BR01,São Paulo,103,72,'000,,,,,,,,,,,926.099,978.71,1049.619,1143.64,1227.385,1329.962,1450.537,1608.408,1662.349,1837.561,,,,,,,,,,,,,,,,,,,,,,,,,,
2667,Commercial Vehicles in Use,816,BR02,Rio de Janeiro,103,72,'000,,,,,,,,,,,282.993,294.875,311.437,334.868,362.424,400.081,446.826,494.234,547.35,596.059,,,,,,,,,,,,,,,,,,,,,,,,,,
2667,Commercial Vehicles in Use,817,BR03,Salvador,103,72,'000,,,,,,,,,,,84.829,90.83,98.522,109.074,119.839,135.095,149.654,161.115,175.472,192.08,,,,,,,,,,,,,,,,,,,,,,,,,,
2667,Commercial Vehicles in Use,841,BS01,Sarajevo,103,72,'000,,,,,,,,,,,7.859,10.178,14.277,12.341,12.948,12.296,12.173,11.907,12.049,11.734,,,,,,,,,,,,,,,,,,,,,,,,,,
2667,Commercial Vehicles in Use,843,BU01,Sofia,103,72,'000,,,,,,,,,,,81,59,71,80,84,87,92,96,101.151,106.724,,,,,,,,,,,,,,,,,,,,,,,,,,
2667,Commercial Vehicles in Use,850,BV01,Santa Cruz,103,72,'000,,,,,,,,,,,62.234,66.962,84.377,108.941,118.067,124.352,131.785,134.217,152.587,157.895,,,,,,,,,,,,,,,,,,,,,,,,,,
2667,Commercial Vehicles in Use,857,CA01,Toronto,103,72,'000,,,,,,,,,,,1314,1346,1448,1483,1445.185,1378,1546.895,1629.352,1694.042,1770.919,,,,,,,,,,,,,,,,,,,,,,,,,,
2667,Commercial Vehicles in Use,858,CA02,Montreal,103,72,'000,,,,,,,,,,,920,933.911,1002.523,1018.016,1002.358,999.464,1031.788,996.133,1060.728,1056.896,,,,,,,,,,,,,,,,,,,,,,,,,,
2667,Commercial Vehicles in Use,859,CA03,Vancouver,103,72,'000,,,,,,,,,,,291,312,334,344.609,351.2705172,356.233,361.639,365.937,380.929,383.431,,,,,,,,,,,,,,,,,,,,,,,,,,
2667,Commercial Vehicles in Use,871,CH01,Zurich,103,72,'000,,,,,,,,,,,72.956,79.289,82.987,80.846,80.097,81.527,85.51,88.618,90.797,94.912,,,,,,,,,,,,,,,,,,,,,,,,,,
2667,Commercial Vehicles in Use,872,CH02,Geneva,103,72,'000,,,,,,,,,,,26.225,26.749,27.271,27.956,30.914,31.221,32.207,33.351,33.729,35.967,,,,,,,,,,,,,,,,,,,,,,,,,,
2667,Commercial Vehicles in Use,878,CL01,Santiago,103,72,'000,,,,,,,,,,,282.338,288.402,305.259,315.028,317.339,335.375,351.28,370.841,387.728,403.077,,,,,,,,,,,,,,,,,,,,,,,,,,
2667,Commercial Vehicles in Use,886,CN20,Shanghai,103,72,'000,,,,,,,,,,,433.685,442.685,485.844,508.173,536.172,679,744.9,770.8,841.1,933.807,,,,,,,,,,,,,,,,,,,,,,,,,,
2667,Commercial Vehicles in Use,887,CN21,Beijing,103,72,'000,,,,,,,,,,,196.471,196.522,196.525,204.221,206.73,218.011,224.538,235.092,261.647,288.002,,,,,,,,,,,,,,,,,,,,,,,,,,
2667,Commercial Vehicles in Use,888,CN22,Guangzhou,103,72,'000,,,,,,,,,,,178.791,186.563,185.588,180.405,194.023,220.383,266.997,281.879,315.8750734,345.0699721,,,,,,,,,,,,,,,,,,,,,,,,,,
2667,Commercial Vehicles in Use,889,CN23,Tianjin,103,72,'000,,,,,,,,,,,126.434,135.821,147.707,154.953,174.268,198.879,221.307,230.898,281.905,307.429,,,,,,,,,,,,,,,,,,,,,,,,,,
2667,Commercial Vehicles in Use,890,CN24,Wuhan,103,72,'000,,,,,,,,,,,90.884,97.925,106.416,113.367,126.013,128.157,139.892,141.004,146.273,157.576,,,,,,,,,,,,,,,,,,,,,,,,,,
2667,Commercial Vehicles in Use,891,CN25,Shenzhen,103,72,'000,,,,,,,,,,,216.99,404.416,424.281,394.835,278.165,312.272,341.478,358.836,409.1603876,411.0013342,,,,,,,,,,,,,,,,,,,,,,,,,,
2667,Commercial Vehicles in Use,947,CO01,Bogota,103,72,'000,,,,,,,,,,,133.071,139.099,149.861,160.469,169.107,175.223,187.433,202.82,215.306,227.82,,,,,,,,,,,,,,,,,,,,,,,,,,
2667,Commercial Vehicles in Use,957,CR01,Zagreb,103,72,'000,,,,,,,,,,,60.376,64.708,69.399,71.811,68.635,65.658,63.25,54.479,53.903,50.241,,,,,,,,,,,,,,,,,,,,,,,,,,
2667,Commercial Vehicles in Use,960,CS01,Prague,103,72,'000,,,,,,,,,,,148.309,172.255,198.156,222.182,220.389,216.816,214.015,211.614,211.725,217.064,,,,,,,,,,,,,,,,,,,,,,,,,,
2667,Commercial Vehicles in Use,965,DE01,Berlin,103,72,'000,,,,,,,,,,,183.15,185.645,169.591,168.266,168.862,171.824,172.469,183.966,187.761,191.731,,,,,,,,,,,,,,,,,,,,,,,,,,
2667,Commercial Vehicles in Use,966,DE02,Hamburg,103,72,'000,,,,,,,,,,,142.173,142.69,131.396,132.596,133.084,135.45,136.473,140.848,143.441,144.762,,,,,,,,,,,,,,,,,,,,,,,,,,
2667,Commercial Vehicles in Use,967,DE03,Munich,103,72,'000,,,,,,,,,,,128.443,133.999,123.462,124.117,124.454,126.664,127.673,128.561,132.485,133.642,,,,,,,,,,,,,,,,,,,,,,,,,,
2667,Commercial Vehicles in Use,969,DE05,Frankfurt am Main,103,72,'000,,,,,,,,,,,114.203,113.918,114.529,113.383,114.055,114.187,115.967,119.98,122.976,127.34,,,,,,,,,,,,,,,,,,,,,,,,,,
2667,Commercial Vehicles in Use,990,DK01,Copenhagen,103,72,'000,,,,,,,,,,,268.493,297.856,312.092,315.59,306.515,298.419,295.474,296.818,298.633,295.091,,,,,,,,,,,,,,,,,,,,,,,,,,
2667,Commercial Vehicles in Use,995,DR01,Santo Domingo,103,72,'000,,,,,,,,,,,197,209,222,234,242,253,261.864,266.384,270.849,280.939,,,,,,,,,,,,,,,,,,,,,,,,,,
2667,Commercial Vehicles in Use,1002,EC01,Guayaquil,103,72,'000,,,,,,,,,,,62.765,65.566,67.081,58.412,54.762,68.611,74.405,92.761,95.401,113.862,,,,,,,,,,,,,,,,,,,,,,,,,,
2667,Commercial Vehicles in Use,1003,EC02,Quito,103,72,'000,,,,,,,,,,,85.554,84.425,88.178,68.03,52.578,66.078,59.117,75.02,80.444,95.5243659,,,,,,,,,,,,,,,,,,,,,,,,,,
2667,Commercial Vehicles in Use,1011,EG01,Cairo,103,72,'000,,,,,,,,,,,243.992,257.458,258.82,279.222,296.583,308.775,322.979,326,339,352,,,,,,,,,,,,,,,,,,,,,,,,,,
2667,Commercial Vehicles in Use,1019,ES01,Madrid,103,72,'000,,,,,,,,,,,666.262,692.061,766.189,775.469,717.985,701.554,722.073,692.334,685.251,659.991,,,,,,,,,,,,,,,,,,,,,,,,,,
2667,Commercial Vehicles in Use,1020,ES02,Barcelona,103,72,'000,,,,,,,,,,,607.555,624.974,652.887,657.503,649.438,641,631.735,620.812,604.009,596.702,,,,,,,,,,,,,,,,,,,,,,,,,,
2667,Commercial Vehicles in Use,1034,ET01,Tallinn,103,72,'000,,,,,,,,,,,40.733,45.269,44.272,33.961,31.877,33.025,35.39,37.323,39.689,40.51,,,,,,,,,,,,,,,,,,,,,,,,,,
2667,Commercial Vehicles in Use,1036,FI01,Helsinki,103,72,'000,,,,,,,,,,,256.595,267.871,277.373,285.068,288.527,295.346,304.893,311.978,318.474,326.19,,,,,,,,,,,,,,,,,,,,,,,,,,
2667,Commercial Vehicles in Use,1044,FR01,Paris,103,72,'000,,,,,,,,,,,888.847,883.619,852.308,862.131,786.668,781.011,709,827.916,852.01,870.868,,,,,,,,,,,,,,,,,,,,,,,,,,
2667,Commercial Vehicles in Use,1045,FR02,Marseille,103,72,'000,,,,,,,,,,,168.134,171.229,173.053,178.309,169.759,170.912,174.342,174.537,174.667,175.431,,,,,,,,,,,,,,,,,,,,,,,,,,
2667,Commercial Vehicles in Use,1046,FR03,Lyon,103,72,'000,,,,,,,,,,,180.549,183.046,183.006,190.057,176.158,177.129,181.343,184.043,184.828,186.139,,,,,,,,,,,,,,,,,,,,,,,,,,
2667,Commercial Vehicles in Use,1069,GB01,Glasgow,103,72,'000,,,,,,,,,,,85,91,96,93,91,86,80,82,85,85.571,,,,,,,,,,,,,,,,,,,,,,,,,,
2667,Commercial Vehicles in Use,1070,GB02,Leeds,103,72,'000,,,,,,,,,,,127.387,131.107,139.055,138.992,135.265,131.408,134.122,132.112,130.557,128.994,,,,,,,,,,,,,,,,,,,,,,,,,,
2667,Commercial Vehicles in Use,1071,GB03,London,103,72,'000,,,,,,,,,,,799.775,803.025,816.164,820.164,809.229,814.01,807.818,812.704,829.905,835.008,,,,,,,,,,,,,,,,,,,,,,,,,,
2667,Commercial Vehicles in Use,1072,GB04,Birmingham,103,72,'000,,,,,,,,,,,276,285,302,304,291,300,305,297,293,286.506,,,,,,,,,,,,,,,,,,,,,,,,,,
2667,Commercial Vehicles in Use,1073,GB05,Manchester,103,72,'000,,,,,,,,,,,180.933,184.162,163.902,169.009,161.527,153.187,142.238,145.903,147.848,149.721,,,,,,,,,,,,,,,,,,,,,,,,,,
2667,Commercial Vehicles in Use,1087,GG01,Tbilisi,103,72,'000,,,,,,,,,,,30,34,36,41,38,41,44,46,46.197,49.073,,,,,,,,,,,,,,,,,,,,,,,,,,
2667,Commercial Vehicles in Use,1091,GR01,Athens,103,72,'000,,,,,,,,,,,276.343,283.258,290.285,296.245,298.11,298.55,299.5614033,298.6459114,297.2242013,296.444353,,,,,,,,,,,,,,,,,,,,,,,,,,
2667,Commercial Vehicles in Use,1095,GT01,Guatemala City,103,72,'000,,,,,,,,,,,333,365,407,433,454,473,491,526,545,576.725,,,,,,,,,,,,,,,,,,,,,,,,,,
2667,Commercial Vehicles in Use,1099,HU01,Budapest,103,72,'000,,,,,,,,,,,146.881,152.745,157.764,160.862,157.467,154.012,151.885,150.328,152.612,153.575,,,,,,,,,,,,,,,,,,,,,,,,,,
2667,Commercial Vehicles in Use,1108,ID01,Jakarta,103,72,'000,,,,,,,,,,,1001.16,1085.491,1219.428,1314.383,1334.011,1382.482,1431.022,1479.333,1550.964,1602.7,,,,,,,,,,,,,,,,,,,,,,,,,,
2667,Commercial Vehicles in Use,1124,IE01,Dublin,103,72,'000,,,,,,,,,,,118.535,128.719,140.462,141.96,136.858,130.505,128.582,124.847,130.962,131.828,,,,,,,,,,,,,,,,,,,,,,,,,,
2667,Commercial Vehicles in Use,1128,IN20,Mumbai,103,72,'000,,,,,,,,,,,95.494,84.65,117.37,122.12,121.908,122.709,109.536,112.327,117.457,125.05,,,,,,,,,,,,,,,,,,,,,,,,,,
2667,Commercial Vehicles in Use,1129,IN21,Delhi,103,72,'000,,,,,,,,,,,185.496,196.553,213.489,230.398,251.252,270.841,292.919,180.636,195.601,219.166,,,,,,,,,,,,,,,,,,,,,,,,,,
2667,Commercial Vehicles in Use,1130,IN22,Bangalore ,103,72,'000,,,,,,,,,,,83.634,100.467,117.065,125.254,128.71,149.991,157.671,164.3,160.631,166.998,,,,,,,,,,,,,,,,,,,,,,,,,,
2667,Commercial Vehicles in Use,1131,IN23,Kolkata,103,72,'000,,,,,,,,,,,328.544,338.069,349.149,235.866,179.735,78.121,77.97,84.585,88.47,93.277,,,,,,,,,,,,,,,,,,,,,,,,,,
2667,Commercial Vehicles in Use,1163,IR01,Tehran,103,72,'000,,,,,,,,,,,481,364.22,525.67,538.25,461.55,446.66,366.42,403.97,243.79,291,,,,,,,,,,,,,,,,,,,,,,,,,,
2667,Commercial Vehicles in Use,1171,IS01,Jerusalem,103,72,'000,,,,,,,,,,,32.183,33.739,34.322,37.016,35.28,35.371,37.21,36.383,35.781,36,,,,,,,,,,,,,,,,,,,,,,,,,,
2667,Commercial Vehicles in Use,1172,IS02,Tel Aviv,103,72,'000,,,,,,,,,,,204.327,207.857,207.19,205.057,195.854,191.592,191.334,183.801,179.414,177,,,,,,,,,,,,,,,,,,,,,,,,,,
2667,Commercial Vehicles in Use,1177,IT01,Rome,103,72,'000,,,,,,,,,,,282.387,292.243,303.484,312.273,311.716,311.723,324.258,311.827,301.891,298.06,,,,,,,,,,,,,,,,,,,,,,,,,,
2667,Commercial Vehicles in Use,1178,IT02,Milan,103,72,'000,,,,,,,,,,,293.77,296.839,296.89,300.308,299.651,301.63,302.315,297.889,292.145,283.787,,,,,,,,,,,,,,,,,,,,,,,,,,
2667,Commercial Vehicles in Use,1194,JO01,Amman,103,72,'000,,,,,,,,,,,121.792,131.526,156.423,163.558,174.417,181.799,176.174,178.202,179.398,190.899,,,,,,,,,,,,,,,,,,,,,,,,,,
2667,Commercial Vehicles in Use,1204,JP01,Tokyo,103,72,'000,,,,,,,,,,,3028,2982,2959,2893,2841,2782,2770,2757,2753,2734.293,,,,,,,,,,,,,,,,,,,,,,,,,,
2667,Commercial Vehicles in Use,1205,JP02,Osaka,103,72,'000,,,,,,,,,,,2005,1967,1934,1876,1830,1774,1756,1734,1723,1699.155,,,,,,,,,,,,,,,,,,,,,,,,,,
2667,Commercial Vehicles in Use,1206,JP03,Nagoya,103,72,'000,,,,,,,,,,,1198,1176,1168,1145,1119,1089,1081,1068,1060,1052.949,,,,,,,,,,,,,,,,,,,,,,,,,,
2667,Commercial Vehicles in Use,1214,KK01,Almaty,103,72,'000,,,,,,,,,,,34.68,31.968,45.716,42.86,46.775,47.863,44.561,42.291,46.467,51,,,,,,,,,,,,,,,,,,,,,,,,,,
2667,Commercial Vehicles in Use,1224,KR01,Seoul,103,72,'000,,,,,,,,,,,1728.999,1731.333,1750.38,1742.526,1728.971,1724.351,1710.885,1697.44,1695.062,1714.256,,,,,,,,,,,,,,,,,,,,,,,,,,
2667,Commercial Vehicles in Use,1235,KW01,Kuwait City,103,72,'000,,,,,,,,,,,182.598,189.826,197.419,198.797,204.797,210.523,220.1389614,230.5128732,242.26,254.356,,,,,,,,,,,,,,,,,,,,,,,,,,
2667,Commercial Vehicles in Use,1236,KY01,Nairobi,103,72,'000,,,,,,,,,,,25.255,25.613,27.15,28.677,32.203,33.565,34.646,36.067,38,41,,,,,,,,,,,,,,,,,,,,,,,,,,
2667,Commercial Vehicles in Use,1242,LA01,Riga,103,72,'000,,,,,,,,,,,59.899,65.122,70.773,70.896,65.989,42.827,42.898,45.736,45.806,47.83772444,,,,,,,,,,,,,,,,,,,,,,,,,,
2667,Commercial Vehicles in Use,1245,LT01,Vilnius,103,72,'000,,,,,,,,,,,40.503,43.992,52.469,55.031,52.317,52.463,55.724,59.503,63.171,67.669,,,,,,,,,,,,,,,,,,,,,,,,,,
2667,Commercial Vehicles in Use,1250,MD01,Skopje,103,72,'000,,,,,,,,,,,10.031,11.401,9.636,11.49,12.521,13.034,12.711,12.536,13.154,14.237,,,,,,,,,,,,,,,,,,,,,,,,,,
2667,Commercial Vehicles in Use,1252,MO01,Casablanca,103,72,'000,,,,,,,,,,,194.5711502,213.0189354,220.2619046,239.0949537,263.2215365,282.3852596,296.8160979,314.8676433,331.6218692,348.1844672,,,,,,,,,,,,,,,,,,,,,,,,,,
2667,Commercial Vehicles in Use,1262,MX01,Mexico City,103,72,'000,,,,,,,,,,,258.312,379.811,393.882,440.979,502.67,521.285,596.793,623.352,688.22,733.145,,,,,,,,,,,,,,,,,,,,,,,,,,
2667,Commercial Vehicles in Use,1274,MY01,Kuala Lumpur,103,72,'000,,,,,,,,,,,272.775,283.39,294.728,307.327,317.205,328.367,342.235,356.448,316.53,348.826,,,,,,,,,,,,,,,,,,,,,,,,,,
2667,Commercial Vehicles in Use,1282,NG01,Lagos,103,72,'000,,,,,,,,,,,93.642,97.783,110.607,127.021,148.101,174.041,186.14,205.947,174.6211328,178.141591,,,,,,,,,,,,,,,,,,,,,,,,,,
2667,Commercial Vehicles in Use,1292,NL01,Amsterdam,103,72,'000,,,,,,,,,,,68.412,69.543,70.256,75.969,76.041,73.999,70.791,114.428,112.766,123.947,,,,,,,,,,,,,,,,,,,,,,,,,,
2667,Commercial Vehicles in Use,1293,NL02,Rotterdam,103,72,'000,,,,,,,,,,,76.67,75.332,74.606,74.807,77.205,76,75,72,70.997,68.982,,,,,,,,,,,,,,,,,,,,,,,,,,
2667,Commercial Vehicles in Use,1302,NO01,Oslo,103,72,'000,,,,,,,,,,,289.174,308.385,325.896,335.644,336.775,362.247,372.553,380.507,385.698,392.776,,,,,,,,,,,,,,,,,,,,,,,,,,
2667,Commercial Vehicles in Use,1308,NZ01,Auckland,103,72,'000,,,,,,,,,,,198.112,205.593,212.074,217.974,217.562,219.233,221.527,225.907,235.643,246.348,,,,,,,,,,,,,,,,,,,,,,,,,,
2667,Commercial Vehicles in Use,1315,OO01,Douala,103,72,'000,,,,,,,,,,,7.195,7.581,7.971,8.607,8.859,9.262,9.589,10.608,11.235,11.881,,,,,,,,,,,,,,,,,,,,,,,,,,
2667,Commercial Vehicles in Use,1322,PH01,Manila,103,72,'000,,,,,,,,,,,89,92,90,93,98,102,103,103,111.123,116.078,,,,,,,,,,,,,,,,,,,,,,,,,,
2667,Commercial Vehicles in Use,1333,PK01,Karachi,103,72,'000,,,,,,,,,,,116.364,131.541,149.593,150.125,154.422,156.469,158.751,178.973,186.668,200.829,,,,,,,,,,,,,,,,,,,,,,,,,,
2667,Commercial Vehicles in Use,1343,PL01,Warsaw,103,72,'000,,,,,,,,,,,312,316,328,348,349.88,377.691,394.799,396.195,415.394,411.474,,,,,,,,,,,,,,,,,,,,,,,,,,
2667,Commercial Vehicles in Use,1360,PT01,Lisbon,103,72,'000,,,,,,,,,,,141,165,183,203,219.684,234.41,238,241.62,245.484,238.522,,,,,,,,,,,,,,,,,,,,,,,,,,
2667,Commercial Vehicles in Use,1365,PU01,Lima,103,72,'000,,,,,,,,,,,373,406.092,425.796,464.109,496.005,534.657,501.329,507.026,467.96,511.912,,,,,,,,,,,,,,,,,,,,,,,,,,
2667,Commercial Vehicles in Use,1377,QT01,Doha,103,72,'000,,,,,,,,,,,113.159,133.983,134.481,158.124,171.064,179.728,180.906,201.78,214.143,228.61,,,,,,,,,,,,,,,,,,,,,,,,,,
2667,Commercial Vehicles in Use,1378,RI01,San Jose,103,72,'000,,,,,,,,,,,86.062,82.655,86.503,93.444,94.201,109.473,112.793,113.874,114.267,114.603,,,,,,,,,,,,,,,,,,,,,,,,,,
2667,Commercial Vehicles in Use,1379,RO01,Bucharest,103,72,'000,,,,,,,,,,,105.355,123.797,158.706,185.435,188.403,173.796,164.851,159.5,154.383,149.41,,,,,,,,,,,,,,,,,,,,,,,,,,
2667,Commercial Vehicles in Use,1389,RS01,Belgrade,103,72,'000,,,,,,,,,,,42.027,44.668,50.44,55.835,58.111,56.761,57.156,56.731,58.416,59.255,,,,,,,,,,,,,,,,,,,,,,,,,,
2667,Commercial Vehicles in Use,345,RU01,Moscow,103,72,'000,,,,,,,,,,,793,826,843,860,880,902,927,943.626,967.046,995.834,,,,,,,,,,,,,,,,,,,,,,,,,,
2667,Commercial Vehicles in Use,346,RU02,Saint Petersburg,103,72,'000,,,,,,,,,,,95,96,101,104,104,106,110.229,114.048,118.41,123.507,,,,,,,,,,,,,,,,,,,,,,,,,,
2667,Commercial Vehicles in Use,1394,RU03,Novosibirsk,103,72,'000,,,,,,,,,,,61,66,70,74,78,83,84.272,89.062,91.453,92.435,,,,,,,,,,,,,,,,,,,,,,,,,,
2667,Commercial Vehicles in Use,1418,SA01,Riyadh,103,72,'000,,,,,,,,,,,730,758,792,826,863,915,951,1047.306992,1093,1172,,,,,,,,,,,,,,,,,,,,,,,,,,
2667,Commercial Vehicles in Use,1431,SE01,Stockholm,103,72,'000,,,,,,,,,,,196.842,205.697,216.415,225.661,228.818,234.162,243.106,249.418,254.129,265.141,,,,,,,,,,,,,,,,,,,,,,,,,,
2667,Commercial Vehicles in Use,1432,SE02,Gothenburg,103,72,'000,,,,,,,,,,,99,102,105,106,104,110,114,115.717,116.605,122.038,,,,,,,,,,,,,,,,,,,,,,,,,,
2667,Commercial Vehicles in Use,1441,SK01,Bratislava,103,72,'000,,,,,,,,,,,41.86,46.124,53.453,62.905,68.006,68.193,66.259,64.322,62.267,60.003,,,,,,,,,,,,,,,,,,,,,,,,,,
2667,Commercial Vehicles in Use,1447,SV01,Ljubljana,103,72,'000,,,,,,,,,,,31.445,32.758,34.661,37.343,37.855,38.187,38.69,39.97,40.441,40.152,,,,,,,,,,,,,,,,,,,,,,,,,,
2667,Commercial Vehicles in Use,1449,TH01,Bangkok,103,72,'000,,,,,,,,,,,1049.112,1070.321,1090.132,1132.89,1167.138,1214.256,1260.349,1328.455,1380.74,1430.79,,,,,,,,,,,,,,,,,,,,,,,,,,
2667,Commercial Vehicles in Use,1464,TR01,Istanbul,103,72,'000,,,,,,,,,,,576.716,578.574,700.912,746.833,755.742,774.136,806.608,827.179,839.629,866.979,,,,,,,,,,,,,,,,,,,,,,,,,,
2667,Commercial Vehicles in Use,1465,TR02,Ankara,103,72,'000,,,,,,,,,,,208.185,209.482,252.326,266.477,274.22,286.475,302.543,319.415,331.546,334,,,,,,,,,,,,,,,,,,,,,,,,,,
2667,Commercial Vehicles in Use,1480,TU01,Tunis,103,72,'000,,,,,,,,,,,134.958,136.765,138.506,147.951,151.153,154.368,161.941,171,175,180,,,,,,,,,,,,,,,,,,,,,,,,,,
2667,Commercial Vehicles in Use,1487,TW01,Taipei,103,72,'000,,,,,,,,,,,201.136,203.931,204.123,203.279,209.194,205.528,209.314,212.893,347.753,333.822,,,,,,,,,,,,,,,,,,,,,,,,,,
2667,Commercial Vehicles in Use,1493,UA01,Dubai,103,72,'000,,,,,,,,,,,80.425,100.672,123.766,156.675,163.461,138.086,144.359,164,176,180,,,,,,,,,,,,,,,,,,,,,,,,,,
2667,Commercial Vehicles in Use,1494,UA02,Abu Dhabi,103,72,'000,,,,,,,,,,,39.486,43.948,33.542,45.638,56.284,61.596,65.819,71.665,73.853,80.862,,,,,,,,,,,,,,,,,,,,,,,,,,
2667,Commercial Vehicles in Use,1499,UK01,Kiev,103,72,'000,,,,,,,,,,,29.6,32,37.5,40.1,41.1,39.6,55.8,55.444,61.685,66.527,,,,,,,,,,,,,,,,,,,,,,,,,,
2667,Commercial Vehicles in Use,1513,US20,New York,103,72,'000,,,,,,,,,,,1989.451,1956.636,2069.648,2065.364,2049.173,2231.358,2624.002,2928.024,3067.213,3130.026,,,,,,,,,,,,,,,,,,,,,,,,,,
2667,Commercial Vehicles in Use,1514,US21,Los Angeles,103,72,'000,,,,,,,,,,,2729.496,2800.231,2831.855,2648.787,2407.927,2266.888,1958.507,1464.837,1510.649,1560.696,,,,,,,,,,,,,,,,,,,,,,,,,,
2667,Commercial Vehicles in Use,1515,US22,Chicago,103,72,'000,,,,,,,,,,,968.394,1144.588,1188.122,1231.539,1245.205,1235.825,1198.662,1283.907,1301.188,1313.257,,,,,,,,,,,,,,,,,,,,,,,,,,
2667,Commercial Vehicles in Use,1516,US23,Houston,103,72,'000,,,,,,,,,,,644.151,691.5,724.588,738.282,767.933,743.054,833.76,1398.422,1593.702,1680.91,,,,,,,,,,,,,,,,,,,,,,,,,,
2667,Commercial Vehicles in Use,1517,US24,Phoenix,103,72,'000,,,,,,,,,,,880.731,840.767,864.235,870.835,844.753,819.517,822.595,846.009,903.235,973.31,,,,,,,,,,,,,,,,,,,,,,,,,,
2667,Commercial Vehicles in Use,1518,US25,Philadelphia,103,72,'000,,,,,,,,,,,882.204,880.158,910.457,908.7,1286.83,942.211,1029.45,1095.235,1126.665,1176.734,,,,,,,,,,,,,,,,,,,,,,,,,,
2667,Commercial Vehicles in Use,1523,US30,San Francisco,103,72,'000,,,,,,,,,,,450.467,515.722,552.853,518.874,494.974,573.187,685.072,489.377,525.646,517.393,,,,,,,,,,,,,,,,,,,,,,,,,,
2667,Commercial Vehicles in Use,1533,US40,Boston,103,72,'000,,,,,,,,,,,1461.775,1460.585,1492.071,1500.21,1529.055,1567.941,1679.764,1690.541,1778.384,1817.435,,,,,,,,,,,,,,,,,,,,,,,,,,
2667,Commercial Vehicles in Use,1535,US42,Washington,103,72,'000,,,,,,,,,,,1572.61,1622.911,1665.883,1678.822,1664.694,1728.769,1888.785,2307.16,2197.803,2414.167,,,,,,,,,,,,,,,,,,,,,,,,,,
2667,Commercial Vehicles in Use,1549,US56,Miami,103,72,'000,,,,,,,,,,,236.957,232.333,217.935,224.783,219.596,218.643,228.639,187.261,239.328,202.35,,,,,,,,,,,,,,,,,,,,,,,,,,
2667,Commercial Vehicles in Use,1558,UY01,Montevideo,103,72,'000,,,,,,,,,,,49.065,53.169,53.87,54.277,55.749,59.339,54.954,57.174,57.487,57.237,,,,,,,,,,,,,,,,,,,,,,,,,,
2667,Commercial Vehicles in Use,1569,VE01,Caracas,103,72,'000,,,,,,,,,,,109.361,117.973,140.128,169.343,172.287,177.086,179.619,189.558,197.981,199.153,,,,,,,,,,,,,,,,,,,,,,,,,,
2667,Commercial Vehicles in Use,1591,ZA01,Johannesburg,103,72,'000,,,,,,,,,,,254.197,280.838,304.073,322.554,332.823,351.48,366,384,405,428,,,,,,,,,,,,,,,,,,,,,,,,,,
2667,Commercial Vehicles in Use,1592,ZA02,Cape Town,103,72,'000,,,,,,,,,,,201.28,217.167,224.687,234.262,238.116,244.379,250,256,261,267,,,,,,,,,,,,,,,,,,,,,,,,,,
2668,Motorcycles and Mopeds in Use,757,AJ01,Baku,103,72,'000,,,,,,,,,,,1.753,1.646,1.541,1.456,1.283,1.123,1.195,1.499,1.882,2,,,,,,,,,,,,,,,,,,,,,,,,,,
2668,Motorcycles and Mopeds in Use,769,AR01,Buenos Aires,103,72,'000,,,,,,,,,,,957.0208586,1203.835466,1279.031351,1359.960519,1187.281621,1275.196248,1367.743268,1452.225111,1554.663053,1627.551,,,,,,,,,,,,,,,,,,,,,,,,,,
2668,Motorcycles and Mopeds in Use,783,AT01,Vienna,103,72,'000,,,,,,,,,,,154.0355487,157.9101759,162.7725407,168.0019415,172.566,175.983,179.511,183.551,186.192,190.466,,,,,,,,,,,,,,,,,,,,,,,,,,
2668,Motorcycles and Mopeds in Use,789,AU01,Sydney,103,72,'000,,,,,,,,,,,57.455,61.732,66.578,74.546,82.52,89.289,93.277,97.791,104.505,110.062,,,,,,,,,,,,,,,,,,,,,,,,,,
2668,Motorcycles and Mopeds in Use,790,AU02,Melbourne,103,72,'000,,,,,,,,,,,67.198,71.545,79.697,87.909,95.363,100.798,103.432,105.473,113.814,119.052,,,,,,,,,,,,,,,,,,,,,,,,,,
2668,Motorcycles and Mopeds in Use,798,BE01,Antwerp,103,72,'000,,,,,,,,,,,38,41,41.383,42.612,44.285,45.786,43.565,45.506,44.919,44.932,,,,,,,,,,,,,,,,,,,,,,,,,,
2668,Motorcycles and Mopeds in Use,799,BE02,Brussels,103,72,'000,,,,,,,,,,,78,79,79.299,82.702,86.214,89.462,86.881,90.018,92.301,93.673,,,,,,,,,,,,,,,,,,,,,,,,,,
2668,Motorcycles and Mopeds in Use,806,BH01,Manama,103,72,'000,,,,,,,,,,,2.428467124,2.767573164,3.11250904,3.514625936,4.176629504,4.90794737,5.576639672,6.585847117,7.859277491,9.583638665,,,,,,,,,,,,,,,,,,,,,,,,,,
2668,Motorcycles and Mopeds in Use,807,BL01,Minsk,103,72,'000,,,,,,,,,,,93.52910903,88.104,78.948,77.8482358,76.6573482,73.56189227,70.14154548,65.49019141,60.40192997,58.283,,,,,,,,,,,,,,,,,,,,,,,,,,
2668,Motorcycles and Mopeds in Use,815,BR01,São Paulo,103,72,'000,,,,,,,,,,,634.455,750.376,898.653,1063.461,1163.82,1274.878,1384.254,1531.927,1601.732,1834.555,,,,,,,,,,,,,,,,,,,,,,,,,,
2668,Motorcycles and Mopeds in Use,816,BR02,Rio de Janeiro,103,72,'000,,,,,,,,,,,185.22,211.985,255.493,303.805,339.024,380.558,427.629,473.36,529.864,592.616,,,,,,,,,,,,,,,,,,,,,,,,,,
2668,Motorcycles and Mopeds in Use,817,BR03,Salvador,103,72,'000,,,,,,,,,,,48.025,56.225,67.971,87.044,105.545,123.754,141.64,156.813,175.541,204.604,,,,,,,,,,,,,,,,,,,,,,,,,,
2668,Motorcycles and Mopeds in Use,841,BS01,Sarajevo,103,72,'000,,,,,,,,,,,0.889,1.028,1.33,1.354,2.002,1.297,1.159,1.152,0.992,0.903,,,,,,,,,,,,,,,,,,,,,,,,,,
2668,Motorcycles and Mopeds in Use,843,BU01,Sofia,103,72,'000,,,,,,,,,,,20,10,13,16,19,21,22,24,26.523,28.855,,,,,,,,,,,,,,,,,,,,,,,,,,
2668,Motorcycles and Mopeds in Use,850,BV01,Santa Cruz,103,72,'000,,,,,,,,,,,3.348,3.699,5.237,7.159,9.358,12.938,15.267,40.053,56.302,62.792,,,,,,,,,,,,,,,,,,,,,,,,,,
2668,Motorcycles and Mopeds in Use,857,CA01,Toronto,103,72,'000,,,,,,,,,,,75,82,88,95,99.815,106,112.263,118.789,125.09,131.049,,,,,,,,,,,,,,,,,,,,,,,,,,
2668,Motorcycles and Mopeds in Use,858,CA02,Montreal,103,72,'000,,,,,,,,,,,52,57,61,66,69.282,74,78,82,86,89.697,,,,,,,,,,,,,,,,,,,,,,,,,,
2668,Motorcycles and Mopeds in Use,859,CA03,Vancouver,103,72,'000,,,,,,,,,,,35,39,42,46.499,48.91767203,49.563,50.485,52.497,55.738,57.839,,,,,,,,,,,,,,,,,,,,,,,,,,
2668,Motorcycles and Mopeds in Use,871,CH01,Zurich,103,72,'000,,,,,,,,,,,94.177,95.957,100.05,103.208,103.67,105.608,105.93,108.542,110.443,111.375,,,,,,,,,,,,,,,,,,,,,,,,,,
2668,Motorcycles and Mopeds in Use,872,CH02,Geneva,103,72,'000,,,,,,,,,,,45.802,46.662,47.414,49.234,49.474,50.406,52.116,53.345,54.005,54.815,,,,,,,,,,,,,,,,,,,,,,,,,,
2668,Motorcycles and Mopeds in Use,878,CL01,Santiago,103,72,'000,,,,,,,,,,,46.503,56.602,73.343,86.589,90.576,91.592,96.337,104.31,109.636,115.404,,,,,,,,,,,,,,,,,,,,,,,,,,
2668,Motorcycles and Mopeds in Use,886,CN20,Shanghai,103,72,'000,,,,,,,,,,,1204.2,1241.5,1259.7,1273.7,1286.4,1291.2,1288.9,1351.189,1353.164,1356.328,,,,,,,,,,,,,,,,,,,,,,,,,,
2668,Motorcycles and Mopeds in Use,887,CN21,Beijing,103,72,'000,,,,,,,,,,,265,262,265.1,270.8,282,288.9,301.5,308.3,345.288,397.214,,,,,,,,,,,,,,,,,,,,,,,,,,
2668,Motorcycles and Mopeds in Use,888,CN22,Guangzhou,103,72,'000,,,,,,,,,,,1004.808,933.194,773.52,659.794,604.53,535.064,453.467,385.006,408.9260746,448.499667,,,,,,,,,,,,,,,,,,,,,,,,,,
2668,Motorcycles and Mopeds in Use,889,CN23,Tianjin,103,72,'000,,,,,,,,,,,1681.463,1798.033,1908.448,1958.39,2045.489,2063.703,2104.934,2132.149,2237.623,2280.961,,,,,,,,,,,,,,,,,,,,,,,,,,
2668,Motorcycles and Mopeds in Use,890,CN24,Wuhan,103,72,'000,,,,,,,,,,,251.709,271.936,271.345,238.47,233.088,231.672,236.5,227.807,203.736,217.93,,,,,,,,,,,,,,,,,,,,,,,,,,
2668,Motorcycles and Mopeds in Use,891,CN25,Shenzhen,103,72,'000,,,,,,,,,,,28.816,26.482,20.105,15.142,11.443,7.895,5.212,5.589,5.589,5.589,,,,,,,,,,,,,,,,,,,,,,,,,,
2668,Motorcycles and Mopeds in Use,947,CO01,Bogota,103,72,'000,,,,,,,,,,,278.43,349.888,435.284,526.437,592.723,653.363,736.063,833.841,922.688,1011.745,,,,,,,,,,,,,,,,,,,,,,,,,,
2668,Motorcycles and Mopeds in Use,957,CR01,Zagreb,103,72,'000,,,,,,,,,,,23.931,27.076,31.004,35.287,35.602,34.246,33.806,25.955,25.315,26.268,,,,,,,,,,,,,,,,,,,,,,,,,,
2668,Motorcycles and Mopeds in Use,960,CS01,Prague,103,72,'000,,,,,,,,,,,167.595,174.775,184.601,193.367,197.433,202.642,207.496,215.541,217.723,222.138,,,,,,,,,,,,,,,,,,,,,,,,,,
2668,Motorcycles and Mopeds in Use,965,DE01,Berlin,103,72,'000,,,,,,,,,,,157.303,161.847,149.322,153.87,160.289,163.957,164.572,172.492,176.305,180.994,,,,,,,,,,,,,,,,,,,,,,,,,,
2668,Motorcycles and Mopeds in Use,966,DE02,Hamburg,103,72,'000,,,,,,,,,,,120.396,122.918,111.209,114.663,118.544,120.408,121.318,124.764,126.129,128.335,,,,,,,,,,,,,,,,,,,,,,,,,,
2668,Motorcycles and Mopeds in Use,967,DE03,Munich,103,72,'000,,,,,,,,,,,143.679,146.494,130.713,135.102,139.822,142.951,144.089,142.873,147.149,149.486,,,,,,,,,,,,,,,,,,,,,,,,,,
2668,Motorcycles and Mopeds in Use,969,DE05,Frankfurt am Main,103,72,'000,,,,,,,,,,,115.675,118.341,120.076,108.021,110.583,113.681,115.295,119.906,121.694,124.139,,,,,,,,,,,,,,,,,,,,,,,,,,
2668,Motorcycles and Mopeds in Use,990,DK01,Copenhagen,103,72,'000,,,,,,,,,,,35.044,36.965,39.4,40.738,40.762,40.514,40.396,40.082,40.263,41.725,,,,,,,,,,,,,,,,,,,,,,,,,,
2668,Motorcycles and Mopeds in Use,995,DR01,Santo Domingo,103,72,'000,,,,,,,,,,,270,309,361,402,430,481,512.366,527.39,534.419,589.11,,,,,,,,,,,,,,,,,,,,,,,,,,
2668,Motorcycles and Mopeds in Use,1002,EC01,Guayaquil,103,72,'000,,,,,,,,,,,12.017,17.133,25.336,26.609,27.357,42.597,55.145,66.123,73.178,81.737,,,,,,,,,,,,,,,,,,,,,,,,,,
2668,Motorcycles and Mopeds in Use,1003,EC02,Quito,103,72,'000,,,,,,,,,,,11.179,13.283,12.6,10.943,8.462,13.451,27.547,25.664,31.209,35.96161129,,,,,,,,,,,,,,,,,,,,,,,,,,
2668,Motorcycles and Mopeds in Use,1011,EG01,Cairo,103,72,'000,,,,,,,,,,,161.396,180.05,221.087,277.585,325.169,383.233,424.731,466,502,546,,,,,,,,,,,,,,,,,,,,,,,,,,
2668,Motorcycles and Mopeds in Use,1019,ES01,Madrid,103,72,'000,,,,,,,,,,,190.64,213.055,240.708,258.663,267.86,278.599,288.447,294.533,279.322,285.039,,,,,,,,,,,,,,,,,,,,,,,,,,
2668,Motorcycles and Mopeds in Use,1020,ES02,Barcelona,103,72,'000,,,,,,,,,,,474.325,501.585,448.026,475.557,492.163,508,523.361,531.934,516.953,534.776,,,,,,,,,,,,,,,,,,,,,,,,,,
2668,Motorcycles and Mopeds in Use,1034,ET01,Tallinn,103,72,'000,,,,,,,,,,,3.112,4.021,4.986,5.168,5.356,6.486,8.309,12.043,13.448,16.211,,,,,,,,,,,,,,,,,,,,,,,,,,
2668,Motorcycles and Mopeds in Use,1036,FI01,Helsinki,103,72,'000,,,,,,,,,,,76.487,86.224,95.113,102.844,108.004,111.862,114.347,115.556,113.67,117.509,,,,,,,,,,,,,,,,,,,,,,,,,,
2668,Motorcycles and Mopeds in Use,1044,FR01,Paris,103,72,'000,,,,,,,,,,,618,610,612,609,554,542,514,404.388,347.434,300.284,,,,,,,,,,,,,,,,,,,,,,,,,,
2668,Motorcycles and Mopeds in Use,1045,FR02,Marseille,103,72,'000,,,,,,,,,,,99,101,102,108,93,94,88.21,74.003,67.035,61.269,,,,,,,,,,,,,,,,,,,,,,,,,,
2668,Motorcycles and Mopeds in Use,1046,FR03,Lyon,103,72,'000,,,,,,,,,,,107,108,108,115,97,97,90.828,70.181,60.427,52.204,,,,,,,,,,,,,,,,,,,,,,,,,,
2668,Motorcycles and Mopeds in Use,1069,GB01,Glasgow,103,72,'000,,,,,,,,,,,11,12,12,13,13,12,12,12,12,11.233,,,,,,,,,,,,,,,,,,,,,,,,,,
2668,Motorcycles and Mopeds in Use,1070,GB02,Leeds,103,72,'000,,,,,,,,,,,34.659,34.388,35.423,35.513,35.363,33.773,33.817,33.382,33.104,33.012,,,,,,,,,,,,,,,,,,,,,,,,,,
2668,Motorcycles and Mopeds in Use,1071,GB03,London,103,72,'000,,,,,,,,,,,275.305,276.086,282.724,289.792,289.808,283.907,286.526,284.743,284.157,283.493,,,,,,,,,,,,,,,,,,,,,,,,,,
2668,Motorcycles and Mopeds in Use,1072,GB04,Birmingham,103,72,'000,,,,,,,,,,,50,49,51,52,51,49,50,49,49,48.989,,,,,,,,,,,,,,,,,,,,,,,,,,
2668,Motorcycles and Mopeds in Use,1073,GB05,Manchester,103,72,'000,,,,,,,,,,,33.58,33.544,34.968,36.051,35.624,34.654,34.964,34.692,34.799,34.671,,,,,,,,,,,,,,,,,,,,,,,,,,
2668,Motorcycles and Mopeds in Use,1087,GG01,Tbilisi,103,72,'000,,,,,,,,,,,2,2,2,2,2,2,2,2,1.991,1.983,,,,,,,,,,,,,,,,,,,,,,,,,,
2668,Motorcycles and Mopeds in Use,1091,GR01,Athens,103,72,'000,,,,,,,,,,,519.569,551.655,587.526,622.421,647.901,669.614,681.7745025,690.7405813,695.5068207,703.3162747,,,,,,,,,,,,,,,,,,,,,,,,,,
2668,Motorcycles and Mopeds in Use,1095,GT01,Guatemala City,103,72,'000,,,,,,,,,,,97,146,194,234,261,291,323,372,401,428.05,,,,,,,,,,,,,,,,,,,,,,,,,,
2668,Motorcycles and Mopeds in Use,1099,HU01,Budapest,103,72,'000,,,,,,,,,,,35.792,38.541,41.528,44.072,44.335,44.177,45.154,45.998,47.324,48.484,,,,,,,,,,,,,,,,,,,,,,,,,,
2668,Motorcycles and Mopeds in Use,1108,ID01,Jakarta,103,72,'000,,,,,,,,,,,5732.785,5968.444,6528.427,6868.737,7198.731,8249.202,9400.74,10595.919,12008.564,13275.806,,,,,,,,,,,,,,,,,,,,,,,,,,
2668,Motorcycles and Mopeds in Use,1124,IE01,Dublin,103,72,'000,,,,,,,,,,,17.389,17.744,18.761,19.537,18.984,17.612,16.741,16.069,16.353,15.635,,,,,,,,,,,,,,,,,,,,,,,,,,
2668,Motorcycles and Mopeds in Use,1128,IN20,Mumbai,103,72,'000,,,,,,,,,,,920.699,1014.94,1126.214,1220.805,1293.163,1374.854,1484.774,1619.113,1777.205,1936.383,,,,,,,,,,,,,,,,,,,,,,,,,,
2668,Motorcycles and Mopeds in Use,1129,IN21,Delhi,103,72,'000,,,,,,,,,,,3136.18,3374.027,3653.496,3881.891,4141.711,4430.584,4732.343,5049.345,5389.537,5720.978,,,,,,,,,,,,,,,,,,,,,,,,,,
2668,Motorcycles and Mopeds in Use,1130,IN22,Bangalore ,103,72,'000,,,,,,,,,,,2678.138,2940.563,2481.186,2694.821,2991.451,3486.045,3683.365,3931.312,4277.269,4483.136,,,,,,,,,,,,,,,,,,,,,,,,,,
2668,Motorcycles and Mopeds in Use,1131,IN23,Kolkata,103,72,'000,,,,,,,,,,,1658.373,1733.408,1816.429,685.376,738.979,710.93,787.781,876.537,908.884,980.884,,,,,,,,,,,,,,,,,,,,,,,,,,
2668,Motorcycles and Mopeds in Use,1163,IR01,Tehran,103,72,'000,,,,,,,,,,,2733,1944.44,2782.99,2262.58,1551.36,1643.93,1047.59,715.93,589.61,274,,,,,,,,,,,,,,,,,,,,,,,,,,
2668,Motorcycles and Mopeds in Use,1171,IS01,Jerusalem,103,72,'000,,,,,,,,,,,5.666,6.229,6.868,7.511,8.2,8.732,9.474,10.146,10.482,11,,,,,,,,,,,,,,,,,,,,,,,,,,
2668,Motorcycles and Mopeds in Use,1172,IS02,Tel Aviv,103,72,'000,,,,,,,,,,,58.825,62.395,68.816,74.224,78.106,80.618,83.141,83.334,84.155,87,,,,,,,,,,,,,,,,,,,,,,,,,,
2668,Motorcycles and Mopeds in Use,1177,IT01,Rome,103,72,'000,,,,,,,,,,,406.098,460.092,488.08,507.108,520.879,530.84,536.68,543.544,531.814,522.169,,,,,,,,,,,,,,,,,,,,,,,,,,
2668,Motorcycles and Mopeds in Use,1178,IT02,Milan,103,72,'000,,,,,,,,,,,377.121,397.162,414.756,429.663,445.05,460.841,471.668,477.786,480.62,487.409,,,,,,,,,,,,,,,,,,,,,,,,,,
2668,Motorcycles and Mopeds in Use,1194,JO01,Amman,103,72,'000,,,,,,,,,,,0.647,1.699,2.39,3.349,3.781,4.278,4.426,4.765,5.009,5.219,,,,,,,,,,,,,,,,,,,,,,,,,,
2668,Motorcycles and Mopeds in Use,1204,JP01,Tokyo,103,72,'000,,,,,,,,,,,1171,1163,1179,1186,1182,1173,1166,1163,1165,1157.312,,,,,,,,,,,,,,,,,,,,,,,,,,
2668,Motorcycles and Mopeds in Use,1205,JP02,Osaka,103,72,'000,,,,,,,,,,,499,498,504,508,510,507,499,505,509,504.272,,,,,,,,,,,,,,,,,,,,,,,,,,
2668,Motorcycles and Mopeds in Use,1206,JP03,Nagoya,103,72,'000,,,,,,,,,,,213,213,219,224,226,227,229,232,238,237.47,,,,,,,,,,,,,,,,,,,,,,,,,,
2668,Motorcycles and Mopeds in Use,1214,KK01,Almaty,103,72,'000,,,,,,,,,,,9.118,8.503,8.537,7.977,6.779,8.444,7.007,7.482748396,7.397855152,7.732,,,,,,,,,,,,,,,,,,,,,,,,,,
2668,Motorcycles and Mopeds in Use,1224,KR01,Seoul,103,72,'000,,,,,,,,,,,382.121,389.683,401.667,408.082,410.209,410.615,410.09,444.693,450.794,448.84,,,,,,,,,,,,,,,,,,,,,,,,,,
2668,Motorcycles and Mopeds in Use,1235,KW01,Kuwait City,103,72,'000,,,,,,,,,,,3.487,3.956,4.89,5.309,6.262,7.083,8.125028982,9.102983641,9.962,10.856,,,,,,,,,,,,,,,,,,,,,,,,,,
2668,Motorcycles and Mopeds in Use,1236,KY01,Nairobi,103,72,'000,,,,,,,,,,,4.671,5.147,6.42,10.592,20.562,30.217,41.799,49.588,53,57,,,,,,,,,,,,,,,,,,,,,,,,,,
2668,Motorcycles and Mopeds in Use,1242,LA01,Riga,103,72,'000,,,,,,,,,,,15.725,18.246,22.419,25.914,26.323,20.414,19.564,19.16,19.121,19.31389676,,,,,,,,,,,,,,,,,,,,,,,,,,
2668,Motorcycles and Mopeds in Use,1245,LT01,Vilnius,103,72,'000,,,,,,,,,,,4.684,4.924,7.491,10.494,11.931,13.079,14.178,15.341,16.487,17.677,,,,,,,,,,,,,,,,,,,,,,,,,,
2668,Motorcycles and Mopeds in Use,1250,MD01,Skopje,103,72,'000,,,,,,,,,,,0.418,0.834,1.075,3.429,3.804,3.653,3.592,3.635,3.311,3.773,,,,,,,,,,,,,,,,,,,,,,,,,,
2668,Motorcycles and Mopeds in Use,1252,MO01,Casablanca,103,72,'000,,,,,,,,,,,7.690625233,7.872988834,7.830771989,8.449930957,9.354351713,10.33854125,11.20930261,12.103148,12.76133122,13.4564839,,,,,,,,,,,,,,,,,,,,,,,,,,
2668,Motorcycles and Mopeds in Use,1262,MX01,Mexico City,103,72,'000,,,,,,,,,,,76.49,107.23,143.986,193.622,214.053,259.42,362.763,175.338,248.831,308.096,,,,,,,,,,,,,,,,,,,,,,,,,,
2668,Motorcycles and Mopeds in Use,1274,MY01,Kuala Lumpur,103,72,'000,,,,,,,,,,,1539.182,1636.639,1741.245,1856.733,1951.554,2063.144,2183.589,2321.754,2275.544,2479.348,,,,,,,,,,,,,,,,,,,,,,,,,,
2668,Motorcycles and Mopeds in Use,1282,NG01,Lagos,103,72,'000,,,,,,,,,,,9.46,14.679,23.22,40.812,75.83,77.555,98,117,137.0575076,160.9992136,,,,,,,,,,,,,,,,,,,,,,,,,,
2668,Motorcycles and Mopeds in Use,1292,NL01,Amsterdam,103,72,'000,,,,,,,,,,,35.972,36.566,37.532,38.851,40.563,41.763,42.706,43.724,44.555,43.854,,,,,,,,,,,,,,,,,,,,,,,,,,
2668,Motorcycles and Mopeds in Use,1293,NL02,Rotterdam,103,72,'000,,,,,,,,,,,39.321,37.7,36.588,35.415,34.24,35,35,36,35.527,35.689,,,,,,,,,,,,,,,,,,,,,,,,,,
2668,Motorcycles and Mopeds in Use,1302,NO01,Oslo,103,72,'000,,,,,,,,,,,49.447,51.444,53.88,56.275,57.991,59.292,58.132,59.621,60.062,61.965,,,,,,,,,,,,,,,,,,,,,,,,,,
2668,Motorcycles and Mopeds in Use,1308,NZ01,Auckland,103,72,'000,,,,,,,,,,,17.948,16.41,19.004,21.764,22.308,21.693,20.793,21.081,22.161,22.194,,,,,,,,,,,,,,,,,,,,,,,,,,
2668,Motorcycles and Mopeds in Use,1315,OO01,Douala,103,72,'000,,,,,,,,,,,8.248,8.691,9.138,9.823,10.193,10.728,11.155,12.129,12.693,13.325,,,,,,,,,,,,,,,,,,,,,,,,,,
2668,Motorcycles and Mopeds in Use,1322,PH01,Manila,103,72,'000,,,,,,,,,,,720.753,706.174,766.036,849.15,914.033,1003.395,1100.75,1126.39,1226.565,1298.573,,,,,,,,,,,,,,,,,,,,,,,,,,
2668,Motorcycles and Mopeds in Use,1333,PK01,Karachi,103,72,'000,,,,,,,,,,,597.783,672.461,772.647,791.215,814.365,1004.508,1179.566,1272.786,1389.001,1516.442,,,,,,,,,,,,,,,,,,,,,,,,,,
2668,Motorcycles and Mopeds in Use,1343,PL01,Warsaw,103,72,'000,,,,,,,,,,,45,48,52,58,63.676,67.988,74.274,78.078,82.363,85.024,,,,,,,,,,,,,,,,,,,,,,,,,,
2668,Motorcycles and Mopeds in Use,1360,PT01,Lisbon,103,72,'000,,,,,,,,,,,68,69,70,71,72.381,72.088,73,72.939,72.845,72.92,,,,,,,,,,,,,,,,,,,,,,,,,,
2668,Motorcycles and Mopeds in Use,1365,PU01,Lima,103,72,'000,,,,,,,,,,,46,23.908,28.204,38.891,47.995,65.343,83.671,91.892,105.511,114.044,,,,,,,,,,,,,,,,,,,,,,,,,,
2668,Motorcycles and Mopeds in Use,1377,QT01,Doha,103,72,'000,,,,,,,,,,,3.749,4.029,7.649,8.525,9.163,9.709,10.02,11.895,13.772,15.971,,,,,,,,,,,,,,,,,,,,,,,,,,
2668,Motorcycles and Mopeds in Use,1378,RI01,San Jose,103,72,'000,,,,,,,,,,,35.393,41.617,54.301,73.319,75.643,79.583,84.29,85.843,97.342,103.981,,,,,,,,,,,,,,,,,,,,,,,,,,
2668,Motorcycles and Mopeds in Use,1379,RO01,Bucharest,103,72,'000,,,,,,,,,,,6.412,7.123,11.703,15.123,16.562,17.496,18.172,19.037,19.777,20.329,,,,,,,,,,,,,,,,,,,,,,,,,,
2668,Motorcycles and Mopeds in Use,1389,RS01,Belgrade,103,72,'000,,,,,,,,,,,3.392,4.744,6.975,9.324,10.118,8.465,8.21,9.103,11.916,14.299,,,,,,,,,,,,,,,,,,,,,,,,,,
2668,Motorcycles and Mopeds in Use,1418,SA01,Riyadh,103,72,'000,,,,,,,,,,,12,13,15,16,17,18,19,6.340846791,8,9,,,,,,,,,,,,,,,,,,,,,,,,,,
2668,Motorcycles and Mopeds in Use,1431,SE01,Stockholm,103,72,'000,,,,,,,,,,,38.796,44.935,48.311,51.66,53.161,51.681,52.186,52.217,52.539,54.722,,,,,,,,,,,,,,,,,,,,,,,,,,
2668,Motorcycles and Mopeds in Use,1432,SE02,Gothenburg,103,72,'000,,,,,,,,,,,27,28,29,30,31,31,31,31.456,32.267,32.133,,,,,,,,,,,,,,,,,,,,,,,,,,
2668,Motorcycles and Mopeds in Use,1441,SK01,Bratislava,103,72,'000,,,,,,,,,,,8.121,8.929,10.277,11.694,10.564,11.5,12.393,13.255,14.56,15.553,,,,,,,,,,,,,,,,,,,,,,,,,,
2668,Motorcycles and Mopeds in Use,1447,SV01,Ljubljana,103,72,'000,,,,,,,,,,,8.925,9.849,14.218,16.327,17.591,18.25,18.605,18.879,18.853,19.486,,,,,,,,,,,,,,,,,,,,,,,,,,
2668,Motorcycles and Mopeds in Use,1449,TH01,Bangkok,103,72,'000,,,,,,,,,,,2182.815,2304.689,2344.79,2389.174,2429.977,2516.124,2639.935,2784.388,2981.732,3145.049,,,,,,,,,,,,,,,,,,,,,,,,,,
2668,Motorcycles and Mopeds in Use,1464,TR01,Istanbul,103,72,'000,,,,,,,,,,,75.873,109.827,129.819,151.524,164.021,175.089,190.905,206.631,223.307,228.618,,,,,,,,,,,,,,,,,,,,,,,,,,
2668,Motorcycles and Mopeds in Use,1465,TR02,Ankara,103,72,'000,,,,,,,,,,,20.681,26.832,28.859,30.387,31.6,32.841,34.417,36.136,37.499,38,,,,,,,,,,,,,,,,,,,,,,,,,,
2668,Motorcycles and Mopeds in Use,1480,TU01,Tunis,103,72,'000,,,,,,,,,,,2.218,2.26,2.302,2.473,2.54,2.608,2.823,3,3,3,,,,,,,,,,,,,,,,,,,,,,,,,,
2668,Motorcycles and Mopeds in Use,1487,TW01,Taipei,103,72,'000,,,,,,,,,,,3243.246,3319.338,3402.977,3482.32,3543.387,3591.796,3657.422,3664.174,3491.638,3426.606,,,,,,,,,,,,,,,,,,,,,,,,,,
2668,Motorcycles and Mopeds in Use,1493,UA01,Dubai,103,72,'000,,,,,,,,,,,11.679,14.342,16.89,19.73,22.412,25.381,27.631,27,29,30,,,,,,,,,,,,,,,,,,,,,,,,,,
2668,Motorcycles and Mopeds in Use,1494,UA02,Abu Dhabi,103,72,'000,,,,,,,,,,,1.278,1.313,1.888,2.801,3.933,4.716,5.488,6.192,7.294,8.259,,,,,,,,,,,,,,,,,,,,,,,,,,
2668,Motorcycles and Mopeds in Use,1499,UK01,Kiev,103,72,'000,,,,,,,,,,,76.547,70.159,64.191,60.611,54.096,38.364,34.515,37.396,32.937,29.045,,,,,,,,,,,,,,,,,,,,,,,,,,
2668,Motorcycles and Mopeds in Use,1513,US20,New York,103,72,'000,,,,,,,,,,,213.921,220.652,249.295,255.343,253.149,377.121,380.483,381.526,443.307,431.647,,,,,,,,,,,,,,,,,,,,,,,,,,
2668,Motorcycles and Mopeds in Use,1514,US21,Los Angeles,103,72,'000,,,,,,,,,,,170.703,184.443,195.55,209.174,205.304,205.016,209.706,215.269,221.507,219.579,,,,,,,,,,,,,,,,,,,,,,,,,,
2668,Motorcycles and Mopeds in Use,1515,US22,Chicago,103,72,'000,,,,,,,,,,,150.27,155.07,161.48,167.819,178.077,174.74,177.074,178.614,180.014,181.559,,,,,,,,,,,,,,,,,,,,,,,,,,
2668,Motorcycles and Mopeds in Use,1516,US23,Houston,103,72,'000,,,,,,,,,,,65.916,72.565,78.488,86.511,90.029,92.072,96.751,99.405,101.57,104.371,,,,,,,,,,,,,,,,,,,,,,,,,,
2668,Motorcycles and Mopeds in Use,1517,US24,Phoenix,103,72,'000,,,,,,,,,,,99.371,107.619,118.698,126.894,129.856,133.124,137.699,140.336,142.979,146.211,,,,,,,,,,,,,,,,,,,,,,,,,,
2668,Motorcycles and Mopeds in Use,1518,US25,Philadelphia,103,72,'000,,,,,,,,,,,87.799,91.938,94.936,99.726,99.177,127.39,128.227,129.139,141.471,142.61,,,,,,,,,,,,,,,,,,,,,,,,,,
2668,Motorcycles and Mopeds in Use,1523,US30,San Francisco,103,72,'000,,,,,,,,,,,90.052,93.087,97.048,101.194,100.437,101.128,101.384,102.643,106.347,106.356,,,,,,,,,,,,,,,,,,,,,,,,,,
2668,Motorcycles and Mopeds in Use,1533,US40,Boston,103,72,'000,,,,,,,,,,,110.154,113.319,115.22,122.524,125.581,125.868,125.584,103.752,130.595,123.306,,,,,,,,,,,,,,,,,,,,,,,,,,
2668,Motorcycles and Mopeds in Use,1535,US42,Washington,103,72,'000,,,,,,,,,,,48.077,50.38,50.315,52.494,51.108,48.916,122.963,125.448,125.427,142.975,,,,,,,,,,,,,,,,,,,,,,,,,,
2668,Motorcycles and Mopeds in Use,1549,US56,Miami,103,72,'000,,,,,,,,,,,109.617,108.524,111.102,114.477,111.935,109.1,114.414,112.737,114.994,115.008,,,,,,,,,,,,,,,,,,,,,,,,,,
2668,Motorcycles and Mopeds in Use,1558,UY01,Montevideo,103,72,'000,,,,,,,,,,,181.619,205.554,220.338,235.047,264.956,285.705,329.595,360.789,394.057,427.432,,,,,,,,,,,,,,,,,,,,,,,,,,
2668,Motorcycles and Mopeds in Use,1569,VE01,Caracas,103,72,'000,,,,,,,,,,,78.034,99.511,107.057,128.472,126.528,129.603,131.221,141.747,143.482,146.165,,,,,,,,,,,,,,,,,,,,,,,,,,
2668,Motorcycles and Mopeds in Use,1591,ZA01,Johannesburg,103,72,'000,,,,,,,,,,,36.562,42.508,46.245,47.333,53.844,50.702,55,61,66,71,,,,,,,,,,,,,,,,,,,,,,,,,,
2668,Motorcycles and Mopeds in Use,1592,ZA02,Cape Town,103,72,'000,,,,,,,,,,,29.42,36.952,42.027,47.817,51.228,51.693,54,58,61,64,,,,,,,,,,,,,,,,,,,,,,,,,,
